Model,P1,P2,P3,P4,P5,Score,Rank
A,1200,85,8.0,13.3,1.5,0.5270516903074979,3
B,1500,92,10.0,15.6,2.0,0.5974000949728044,2
C,1000,78,7.0,14.0,1.3,0.47550526406575966,4
D,1300,90,9.0,13.0,1.6,0.5975117537261291,1
E,1100,88,9.5,16.0,2.2,0.3830042981573024,5
